{
  "formatVersion": 1,
  "database": {
    "version": 2,
    "identityHash": "01b1a8fa57e4d20c55340d6f1820c7a3",
    "entities": [
      {
        "tableName": "Word",
        "createSql": "CREATE TABLE IF NOT EXISTS `${TABLE_NAME}` (`id` INTEGER PRIMARY KEY AUTOINCREMENT, `word` TEXT, `timestamp` INTEGER, `custom` INTEGER NOT NULL, `won` INTEGER NOT NULL, `rewinded` INTEGER NOT NULL, `trys` TEXT, `definition` TEXT)",
        "fields": [
          {
            "fieldPath": "id",
            "columnName": "id",
            "affinity": "INTEGER",
            "notNull": false
          },
          {
            "fieldPath": "word",
            "columnName": "word",
            "affinity": "TEXT",
            "notNull": false
          },
          {
            "fieldPath": "timestamp",
            "columnName": "timestamp",
            "affinity": "INTEGER",
            "notNull": false
          },
          {
            "fieldPath": "custom",
            "columnName": "custom",
            "affinity": "INTEGER",
            "notNull": true
          },
          {
            "fieldPath": "won",
            "columnName": "won",
            "affinity": "INTEGER",
            "notNull": true
          },
          {
            "fieldPath": "rewinded",
            "columnName": "rewinded",
            "affinity": "INTEGER",
            "notNull": true
          },
          {
            "fieldPath": "trys",
            "columnName": "trys",
            "affinity": "TEXT",
            "notNull": false
          },
          {
            "fieldPath": "definition",
            "columnName": "definition",
            "affinity": "TEXT",
            "notNull": false
          }
        ],
        "primaryKey": {
          "columnNames": [
            "id"
          ],
          "autoGenerate": true
        },
        "indices": [],
        "foreignKeys": []
      }
    ],
    "views": [],
    "setupQueries": [
      "CREATE TABLE IF NOT EXISTS room_master_table (id INTEGER PRIMARY KEY,identity_hash TEXT)",
      "INSERT OR REPLACE INTO room_master_table (id,identity_hash) VALUES(42, '01b1a8fa57e4d20c55340d6f1820c7a3')"
    ]
  }
}